Individual,Loc01,Loc02,Loc03,Loc04,Loc05,Loc6
AA070651,A/A,A/A,A/A,A/B,A/A,A/B
AA070652,A/A,A/A,<NA>,A/A,A/B,A/A
AA070653,A/B,A/B,A/B,A/A,A/A,A/A
AA070654,<NA>,A/A,A/B,A/B,A/A,A/B
AA070655,A/B,A/A,A/A,A/A,A/A,A/A
AA070656,A/B,A/A,A/B,A/B,A/A,A/B
AA070657,A/A,A/A,A/A,A/A,A/A,A/A
AA070658,<NA>,A/A,A/A,<NA>,A/B,B/B
AA070659,A/B,<NA>,A/A,A/B,A/A,A/B
AA070660,A/B,A/B,A/A,A/A,A/A,A/A
AA070661,<NA>,A/B,A/A,A/A,A/A,B/B
AA070662,<NA>,A/A,A/B,A/B,B/B,B/B
AA070663,A/B,B/B,A/A,A/A,A/A,A/A
AA070664,A/B,B/B,A/B,A/B,A/A,A/A
AA070665,<NA>,A/A,A/B,A/A,A/A,<NA>
AA070666,A/B,<NA>,A/A,A/A,A/B,A/B
AA070667,A/B,A/B,A/B,A/B,A/A,B/B
AA070668,<NA>,A/B,A/A,A/A,A/B,B/B
AA070669,A/B,A/B,A/A,A/B,A/A,A/A
